experiment_name,algorithm,dataset,n_train,validation_AK,validation_BX,validation_CH,validation_HS,validation_PS,validation_QS,validation_YW,validation_ZW,validation_good,validation_ng,validation_total,test_AK,test_BX,test_CH,test_HS,test_PS,test_QS,test_YW,test_ZW,test_good,test_ng,test_total,training_seconds,image_auroc,image_ap,pixel_auroc,pixel_ap,avg_inference_time_seconds,miss_rate_at_0.01,false_positive_rate_at_0.01,per_defect_image_auroc_score,per_defect_image_auroc_BX,per_defect_image_auroc_PS,per_defect_image_auroc_QS,per_defect_image_auroc_ZW,per_defect_image_ap_score,per_defect_image_ap_BX,per_defect_image_ap_PS,per_defect_image_ap_QS,per_defect_image_ap_ZW,per_defect_pixel_auroc_score,per_defect_pixel_auroc_BX,per_defect_pixel_auroc_PS,per_defect_pixel_auroc_QS,per_defect_pixel_auroc_ZW,per_defect_pixel_ap_score,per_defect_pixel_ap_BX,per_defect_pixel_ap_PS,per_defect_pixel_ap_QS,per_defect_pixel_ap_ZW,per_defect_image_auroc_AK,per_defect_image_auroc_HS,per_defect_image_ap_AK,per_defect_image_ap_HS,per_defect_pixel_auroc_AK,per_defect_pixel_auroc_HS,per_defect_pixel_ap_AK,per_defect_pixel_ap_HS,per_defect_image_auroc_CH,per_defect_image_ap_CH,per_defect_pixel_auroc_CH,per_defect_pixel_ap_CH,per_defect_image_auroc_YW,per_defect_image_ap_YW,per_defect_pixel_auroc_YW,per_defect_pixel_ap_YW
performance,STFPM,audiojack,50,,7,,,,7,,6,20,20,40,,119,,4,,49,,14,300,186,486,6.364,0.5805824372759856,0.48780429465313324,0.8505542353544493,0.0042663017525189,0.004849975720101727,0.021505376344086023,0.9066666666666666,0.5495509453781512,0.5856442577030812,,0.5666666666666665,0.6346428571428571,0.19858971419161403,0.3846882691441825,,0.26208191832509237,0.13430599958625838,0.8639593400482768,0.8613899385069548,,0.7880751648265917,0.8571841586111207,0.001340385510899486,0.0045616180538425805,,0.0004638316453342074,0.00023577009418803503,,0.41125,,0.013282669710922809,,0.9491880982484397,,0.00010032225023312175,,,,,,,,
performance,STFPM,bottle_cap,50,7,,,7,,,,6,20,20,40,58,,,118,,1,,29,300,206,506,4.865,0.4639886731391586,0.3917249334271025,0.5842487390679628,0.0005393140539491682,0.004971022529644535,0.02912621359223301,0.9633333333333334,0.4596841515682836,,,0.44166666666666665,0.5098850574712643,0.13248763055209908,,,0.005747126436781609,0.10557209094802175,0.7040790218696054,,,,0.8648665278543107,0.0003510205420650006,,,,0.00038761150209401464,0.40557471264367817,0.4816101694915254,0.13816282502883312,0.2804684797947599,0.7796303398215398,0.4677401979329656,0.0003887488860823005,0.00027670123801868676,,,,,,,,
performance,STFPM,button_battery,50,5,,5,5,,,,5,20,20,40,118,,63,104,,,,112,300,397,697,8.461,0.6016288832913518,0.628518680661281,0.7123477025731599,0.010098925923773126,0.006027847202323542,0.012594458438287154,0.96,0.5970836222001477,,,,0.5238690476190477,0.3009499877018683,,,,0.2809547571577712,0.7076732380541095,,,,0.6897004189872729,0.004623165076155657,,,,0.005491311564851612,0.6697457627118644,0.631121794871795,0.3876644017921135,0.34012405211165025,0.6988253177722441,0.7148910702898584,0.00010854589677780424,0.000653502960360499,0.5635978835978837,0.1950567397459384,0.7272761451670628,0.012239299882632712,,,,
performance,STFPM,end_cap,50,,,,5,5,5,,5,20,20,40,,,,87,114,128,,74,300,403,703,6.571,0.5463358147229114,0.6237059537826977,0.6851479222720439,0.0009422264189704341,0.00460518961587267,0.0024813895781637717,0.9866666666666667,0.5446981612184439,,0.4380847953216374,0.6204947916666667,0.5115540540540541,0.30193425546137326,,0.25888968656225897,0.4103200069064594,0.22003682509967343,0.69455139586592,,0.7662253109039409,0.7301250888364312,0.685193080907428,0.00041238653529027526,,0.0003407863495753416,0.0005374929125773195,0.0003510606975320776,,0.6086590038314177,,0.31849050327710127,,0.5966621028158796,,0.00042020618147636254,,,,,,,,
performance,STFPM,eraser,50,5,,,5,,5,,5,20,20,40,31,,,96,,25,,40,300,192,492,6.497,0.49264756944444443,0.38543547725511773,0.7573105798734292,0.002661958780909202,0.004749572967347473,0.015625,0.9866666666666667,0.522366353046595,,,0.5890666666666666,0.4625,0.15179299016481232,,,0.08984517202043352,0.1572745167575095,0.7545514244814597,,,0.8394483066814391,0.7820345846174774,0.0009873804701214506,,,0.0009295810170811213,0.0009967593442136145,0.5888709677419355,0.44902777777777775,0.1508656551983233,0.20918661668298294,0.6383471254021437,0.7583756812247786,0.00021556015515392123,0.0018076213640371456,,,,,,,,
performance,STFPM,fire_hood,50,5,,,5,,5,,5,20,20,40,28,,,45,,58,,16,300,147,447,4.837,0.5022108843537415,0.3415438516277386,0.7418661989846603,0.0030631231713119825,0.004629261521177192,0.10204081632653061,0.8533333333333334,0.4869531364030286,,,0.5280172413793103,0.4507291666666666,0.1221106280924669,,,0.21580321647693557,0.04577402758632641,0.7641152436425808,,,0.8288462328995033,0.8752518611684637,0.0011751085870338961,,,0.0035038499385290547,0.00042769570989400346,0.4482142857142858,0.5208518518518519,0.07667795985910958,0.15018730844749598,0.8912104040921142,0.46115247641024204,0.00037050428034892454,0.000398384419363602,,,,,,,,
performance,STFPM,mint,50,,,,,,,10,10,20,20,40,,,,,,,80,80,300,160,460,4.649,0.48839583333333336,0.3392412098063875,0.6849890549268788,0.0006323126718002898,0.004569551956228679,0.0125,0.9866666666666667,0.48839583333333336,,,,0.49504166666666666,0.2077633874362212,,,,0.20832101704607,0.6662427450441801,,,,0.6881148676177317,0.00042684970798142845,,,,0.0006765272391490724,,,,,,,,,,,,,0.48175,0.2072057578263724,0.6443706224706286,0.00017717217681378444
performance,STFPM,pcb,50,,,,5,,5,5,5,20,20,40,,,,98,,99,124,104,300,425,725,4.571,0.4628235294117647,0.5603474590140962,0.7239362712308178,0.0026018602479437897,0.004564447586348376,0.01647058823529412,0.9633333333333334,0.4621735162345762,,,0.4559427609427609,0.4299679487179488,0.2484386352098634,,,0.22410594838563414,0.22177067116366042,0.7146019080172628,,,0.7491932067831137,0.6986860229217021,0.0011917695787397734,,,0.002372146012253263,0.0006484546854552073,,0.482312925170068,,0.2545564820548849,,0.6962804185837168,,0.0003234633796767631,,,,,0.4804704301075269,0.2933214392352741,0.7142479837805183,0.0014230142375738605
performance,STFPM,phone_battery,50,5,,,5,5,,,5,20,20,40,33,,,23,120,,,84,300,260,560,4.72,0.5650320512820513,0.5335565386855208,0.7591752338072344,0.0037245636782664384,0.005431784821368118,0.011538461538461539,0.9633333333333334,0.556423354272539,,0.5756805555555556,,0.5543650793650794,0.21917388240828353,,0.37012725087565074,,0.2674566180650261,0.7212493918584371,,0.7387283767231264,,0.8276621954153486,0.002540686628481486,,0.002029641464773037,,0.007741883973627822,0.606010101010101,0.4896376811594203,0.14252992704198864,0.09658173365046872,0.6791515381865626,0.6394554571087108,0.00024063610551625092,0.0001505849700088337,,,,,,,,
performance,STFPM,plastic_nut,50,5,,,5,,5,,5,20,20,40,8,,,8,,51,,19,300,86,386,4.912,0.48998062015503874,0.22444718274224967,0.6987136705398487,0.00081082583398191,0.0053772165801860465,0.011627906976744186,0.9933333333333333,0.5074028745270037,,,0.4790522875816994,0.4820175438596491,0.07593090225301478,,,0.14823696060085018,0.05996320036945148,0.7151819489217719,,,0.734535439381949,0.6822518905828903,0.00024174771310530191,,,0.0006287699364544467,0.0002341207017273479,0.46291666666666664,0.605625,0.03038426162576467,0.06513918641599284,0.7085502256121814,0.7353902401100667,3.329370807682639e-05,7.080650616258675e-05,,,,,,,,
performance,STFPM,plastic_plug,50,5,,,5,,5,,5,20,20,40,116,,,53,,26,,47,300,242,542,5.109,0.41040633608815424,0.40045201193700414,0.7895554129952125,0.0015440490420013287,0.005134229520232158,0.0371900826446281,0.99,0.4329120312790058,,,0.4717948717948718,0.43117021276595746,0.14676423302720845,,,0.088825829013185,0.12257508701949126,0.7791066835718924,,,0.7993472225886546,0.7661825795589996,0.0006548544062499724,,,0.0003680834097830372,0.0010974358234430294,0.3629597701149425,0.4657232704402515,0.2345019360787281,0.14115407999742938,0.8256610456562881,0.7252358864836274,0.000824210476234876,0.00032968791553894696,,,,,,,,
performance,STFPM,porcelain_doll,50,,,7,7,,,,6,20,20,40,,,52,35,,,,78,300,165,465,4.932,0.6096363636363636,0.47591921324230085,0.8213868251897015,0.0018151389450054688,0.005042043655750251,0.03636363636363636,0.9433333333333334,0.6038766788766788,,,,0.6796153846153846,0.24666294740927863,,,,0.3583527365350727,0.7877237664911769,,,,0.8346967446634668,0.0007720615805528996,,,,0.00112682150414339,,0.6638095238095238,,0.2272840779487018,,0.7264280989999905,,0.00010439548945849112,0.46820512820512816,0.15435202774406137,0.8020464558100736,0.0010849677480568173,,,,
performance,STFPM,regulator,50,,,,,,20,,,20,20,40,,,,3,,43,,,300,46,346,4.517,0.447463768115942,0.1225515835078151,0.7664077553537264,0.0005549163053324588,0.005113176878584102,0.0,0.9466666666666667,0.5445090439276485,,,0.43290697674418605,,0.06830555392670642,,,0.11295038612759437,,0.8427317531911644,,,0.7632789120131402,,0.00029549795987736426,,,0.0005704216764023134,,,0.6561111111111111,,0.02366072172581847,,0.9221845943691888,,2.0574243352415154e-05,,,,,,,,
performance,STFPM,rolled_strip_base,50,7,,,,,7,,6,20,20,40,163,,,,,160,,166,300,489,789,4.839,0.7035991820040899,0.7864781403415355,0.6984026556246117,0.0022638140147901694,0.004754665652981249,0.0081799591002045,0.97,0.703234897411733,,,0.7338645833333334,0.7932429718875502,0.5676153149023394,,,0.6146468243713925,0.644719741946845,0.7555775312063259,,,0.6671526845478941,0.8991730783052325,0.0014760220753933398,,,0.0019383358135817781,0.0011786041385853387,0.582597137014315,,0.443479378388781,,0.7004068307658511,,0.0013111262740129028,,,,,,,,,
performance,STFPM,switch,50,,,,7,,7,,6,20,20,40,,,,157,,145,,155,300,457,757,6.393,0.5175237053245806,0.614360276844054,0.7896044041136655,0.008474262764058875,0.005080571070009652,0.09846827133479212,0.9,0.5168334770016539,,,0.49341379310344824,0.4996344086021506,0.3509020176073847,,,0.3240308368859527,0.34087520674328314,0.7710553589142729,,,0.7928346019306804,0.7992028565029835,0.0047767384054610085,,,0.011246646197344619,0.0022626573445455192,,0.5574522292993631,,0.38780000919291824,,0.7211286183091545,,0.000820911674492889,,,,,,,,
performance,STFPM,tape,50,,,,,7,7,,6,20,20,40,,,,,121,69,,13,300,203,503,10.312,0.5649178981937604,0.4894031187573915,0.7870550220029628,0.0025658044913683953,0.0047547600397140725,0.029556650246305417,0.9566666666666667,0.5779893338984248,,0.5843526170798897,0.5183333333333333,0.6312820512820514,0.25760752266496634,,0.3820772182226989,0.23394800244517708,0.15679734732702294,0.7889131042266885,,0.8008253921279173,0.7868649684715479,0.7790489520806,0.0013966823172352142,,0.0012026800778122439,0.0028398582468220877,0.00014750862707131113,,,,,,,,,,,,,,,,
performance,STFPM,terminalblock,50,7,,,,,7,,6,20,20,40,135,,,,,138,,96,300,369,669,4.854,0.5059485094850948,0.5579588882878412,0.8151404429064273,0.0025633960353432022,0.0045657134528204165,0.10298102981029811,0.9033333333333333,0.5027007962068348,,,0.4427536231884058,0.46736111111111106,0.30171366079885437,,,0.2788464638139884,0.22708967059706806,0.835567878840914,,,0.8005676756106159,0.8950710154551025,0.0016099422653178003,,,0.001947141187575902,0.001810324414577505,0.5979876543209877,,0.3992048479855067,,0.8110649454570232,,0.0010723611937999943,,,,,,,,,
performance,STFPM,toy,50,7,,,7,,,,6,20,20,40,118,,,120,,,,119,300,357,657,4.883,0.5130578898225957,0.5723386873297099,0.7896479037902082,0.003353876249258432,0.005373062100637984,0.008403361344537815,0.9833333333333333,0.5129014101874271,,,,0.4880952380952381,0.3182667325341551,,,,0.2683228669770382,0.7913946868930779,,,,0.832715835797613,0.0025284684724371747,,,,0.003370840998853048,0.4973728813559322,0.553236111111111,0.30377408409286566,0.3827032465325615,0.872110405370433,0.6693578195111879,0.003958558730611062,0.0002560056878474141,,,,,,,,
performance,STFPM,toy_brick,50,5,,,5,,5,,5,20,20,40,62,,,55,,76,,47,300,240,540,5.234,0.5039722222222223,0.45412666922988565,0.705789961543937,0.004276609540842893,0.004898414444472076,0.03333333333333333,0.9766666666666667,0.5168751153481133,,,0.38412280701754387,0.5431205673758865,0.18745285175776621,,,0.16373257369345678,0.17072023869814176,0.6662181135993448,,,0.7742590611670936,0.7137874432442258,0.0016099364327136073,,,0.0036263543247725457,0.0018573608091827262,0.502741935483871,0.6375151515151515,0.1678112027505635,0.2475473918889028,0.6841267265076789,0.4926992234783807,0.0003749804766504187,0.0005810501202487379,,,,,,,,
performance,STFPM,transistor1,50,,7,,,,7,,6,20,20,40,,164,,,,157,,128,300,449,749,5.043,0.45210467706013363,0.5720926681217662,0.840812607129969,0.004289726339304646,0.004728507877299758,0.0066815144766146995,0.9966666666666667,0.44457542818859713,0.5376524390243902,,0.4456050955414012,0.35046874999999994,0.3121116567713671,0.3894183509043441,,0.3210421847329168,0.22587443467684049,0.8427515439798295,0.845649534173484,,0.8744971145371555,0.8081079832288492,0.0024535904388524933,0.0027936790755917736,,0.0023622315916965076,0.0022048606492691986,,,,,,,,,,,,,,,,
performance,STFPM,u_block,50,,,5,5,,5,,5,20,20,40,,,15,12,,37,,40,300,104,404,6.392,0.49607371794871796,0.27279556275661987,0.7210098052732659,0.0010078816144381481,0.004942544306830692,0.0,0.9966666666666667,0.46445063813813814,,,0.4464414414414415,0.5993333333333334,0.09266568897968802,,,0.10468311656544475,0.1847968912355267,0.7311858651689652,,,0.6771991532679551,0.7450921503642619,0.0007604518670670951,,,0.00040225319581171806,0.002408310684673421,,0.3601388888888889,,0.03153723961654647,,0.6974100152555971,,4.611454676288417e-05,0.4518888888888889,0.04964550850123413,0.8050421417880468,0.00018512904102035722,,,,
performance,STFPM,usb,50,,5,,5,,5,,5,20,20,40,,122,,49,,78,,33,300,282,582,4.852,0.4616962174940898,0.4495740966293991,0.8084316184515746,0.0028669107436486074,0.004800375601279456,0.14184397163120568,0.9133333333333333,0.4587402735177911,0.4412295081967213,,0.4995726495726495,0.4007575757575758,0.17071319550942518,0.25315733210015906,,0.20257242540218767,0.08066652588379095,0.7843346658044957,0.85709710852533,,0.7760648253534453,0.7568433080631288,0.001244727283435204,0.0028879625259363305,,0.0014901060214665158,0.00026737773408150377,,0.49340136054421774,,0.14645649865156302,,0.7473334212760788,,0.00033346285225646557,,,,,,,,
performance,STFPM,usb_adaptor,50,5,,5,5,,,,5,20,20,40,80,,17,57,,,,82,300,236,536,5.438,0.4763276836158192,0.4205815483579155,0.7213723597096373,0.0006028967815068815,0.005005766417987127,0.012711864406779662,0.9866666666666667,0.4899456488281021,,,,0.46233739837398374,0.157363573269232,,,,0.19139698556119716,0.7172231589745746,,,,0.732857228189963,0.0002669317864373524,,,,0.00048360941262407084,0.4578958333333333,0.5049415204678362,0.2163668834590049,0.16010821968324523,0.7051961203139868,0.7173124225662743,0.00022555754411619848,0.00019328795260699312,0.534607843137255,0.06158220437348066,0.7135268648280741,0.00016527223640214723,,,,
performance,STFPM,vcpill,50,5,,,5,,5,,5,20,20,40,45,,,6,,102,,35,300,188,488,5.268,0.43755319148936167,0.3642600466308967,0.5782333395304863,0.009624204562532223,0.00513292377043578,0.07446808510638298,0.9533333333333334,0.5025767195767196,,,0.37416666666666665,0.5383809523809524,0.12971708085679445,,,0.22067656481746836,0.1215574529131469,0.6455528820951545,,,0.532804418965783,0.8155777476273682,0.00359022144954862,,,0.0071409794657755,0.002606349620197213,0.4785925925925926,0.6191666666666668,0.13575345220687535,0.04088085348968723,0.6744827090295809,0.5593466527578858,0.0042649319292644315,0.00034862478295733293,,,,,,,,
performance,STFPM,woodstick,50,,,,7,,7,,6,20,20,40,6,,,5,,62,,22,300,95,395,5.68,0.604298245614035,0.31946021916018574,0.7087162183340681,0.002784867152058953,0.00524630911384497,0.031578947368421054,0.9566666666666667,0.5807772075594656,,,0.6002956989247312,0.6440909090909089,0.11300000868343328,,,0.23580638431891504,0.12897034652117562,0.6056492780197031,,,0.7230832323000332,0.7479919958007701,0.0011993416460526274,,,0.0008891222511617112,0.003830213850387001,0.6263888888888889,0.45233333333333337,0.070632543996057,0.01659075989758549,0.5780621112422248,0.37345977273578423,3.4295250121164404e-05,4.3735232540632895e-05,,,,,,,,
performance,STFPM,zipper,50,,5,,,5,5,,5,20,20,40,,120,,,116,120,,124,300,480,780,5.269,0.4768993055555556,0.593748322461007,0.8823113283159305,0.027757496502947114,0.005003824743732529,0.041666666666666664,0.98,0.4767996114509949,0.49043055555555554,0.4808189655172414,0.4431666666666667,0.49278225806451614,0.27300241431476513,0.26821873701803395,0.27062998014881534,0.2646008972470594,0.2885600428451518,0.8739903630466628,0.8863625327560323,0.8772563534869693,0.8669015536458923,0.8654410122977574,0.012797407333459219,0.038626609016488636,0.0033372739783469455,0.004383599657576407,0.004842146681424884,,,,,,,,,,,,,,,,
performance,cpr,audiojack,50,,7,,,,7,,6,20,20,40,,119,,4,,49,,14,300,186,486,240.498,0.8753046594982079,0.8577360017644661,0.9764552483297434,0.15351803677158016,0.006728124074085037,0.010752688172043012,0.8466666666666667,0.8608008203281312,0.9847338935574229,,0.5958503401360544,0.8976190476190475,0.4712220823804425,0.9456127444289173,,0.20825492672961557,0.41321762806020673,0.9249670323434567,0.9878567555413316,,0.8923039165223289,0.983519764954268,0.05416826326758601,0.18634020594621753,,0.002521321999036054,0.02778153156294993,,0.965,,0.3178030303030303,,0.836187692355898,,2.9993562140534438e-05,,,,,,,,
performance,cpr,bottle_cap,50,7,,,7,,,,6,20,20,40,58,,,118,,1,,29,300,206,506,250.309,0.802168284789644,0.7211507394733764,0.9856658019995425,0.15154507358363806,0.0068016881424720396,0.009708737864077669,0.86,0.832405026300409,,,0.78,0.9114942528735632,0.43615735765172625,,,0.014925373134328358,0.6069346432061812,0.9873606884635461,,,,0.9989649807716603,0.11823466748645473,,,,0.11928643601636472,0.9210919540229885,0.7170338983050847,0.7166186669571788,0.4061507473092167,0.9896508901571005,0.9734661944618778,0.18768192079897428,0.04773564564402515,,,,,,,,
performance,cpr,button_battery,50,5,,5,5,,,,5,20,20,40,118,,63,104,,,,112,300,397,697,254.29,,0.8199002331432315,0.9464922547483136,0.15278163067994427,0.006401680057386289,0.010075566750629723,0.6933333333333334,0.8346308918051504,,,,0.8708035714285713,0.5587381023097835,,,,0.7503789212698652,0.9300360818473145,,,,0.9620835258768055,0.06924967123633008,,,,0.20075966656931962,0.7682485875706215,0.762275641025641,0.4175948340834111,0.3904490298073158,0.9378593787279396,0.906720324953716,0.0022244650786027924,0.00332330182806556,0.9371957671957672,0.6765296240785419,0.9134810978307968,0.07069125146933236,,,,
performance,cpr,end_cap,50,,,,5,5,5,,5,20,20,40,,,,87,114,128,,74,300,403,703,326.52,,0.6518688775909023,0.9507143005669167,0.07727179934147982,0.005860090611666697,0.009925558312655087,0.8966666666666666,0.6738081138860617,,0.8315497076023393,0.5320052083333333,0.6655855855855856,0.33424280365754994,,0.5059977292694137,0.2875085600576798,0.26393688578163516,0.9602171486889188,,0.9847658031548107,0.9757772757968934,0.9772849881060203,0.04030925947033255,,0.05085430543686962,0.041132111809869636,0.058646794375277575,,0.6660919540229885,,0.2795280395214712,,0.9030405276979508,,0.010603826259313366,,,,,,,,
performance,cpr,eraser,50,5,,,5,,5,,5,20,20,40,31,,,96,,25,,40,300,192,492,255.547,0.8636979166666665,0.8458098929792781,0.9873874110076536,0.30445587634246896,0.005998518699185275,0.010416666666666666,0.9966666666666667,0.8220764672939068,,,0.7415999999999999,0.8545833333333333,0.5510198852836953,,,0.30658433642862404,0.6867848672343537,0.9755740045882764,,,0.9883236576005328,0.9846338591419879,0.12331972292220206,,,0.051957686483485165,0.1482623322228578,0.7590322580645161,0.9330902777777779,0.3603309819841256,0.8503793554876777,0.9379160607424447,0.9914224408681401,0.022273925807208852,0.2707849471752564,,,,,,,,
performance,cpr,fire_hood,50,5,,,5,,5,,5,20,20,40,28,,,45,,58,,16,300,147,447,265.097,0.8741043083900227,0.7309113191539796,0.9724107104383461,0.169441255407553,0.005893295749441681,0.006802721088435374,0.9466666666666667,0.8867729942072614,,,0.9355172413793104,0.933125,0.4502387452624903,,,0.6578232719261097,0.4067944053819002,0.9746729340112027,,,0.9863279693591677,0.9984407887615712,0.08097232098487535,,,0.15156111388302573,0.06571139908936291,0.9545238095238096,0.723925925925926,0.5207339631384588,0.2156033406034927,0.996303830239879,0.9176191476841931,0.07964106547367697,0.026975705493435816,,,,,,,,
performance,cpr,mint,50,,,,,,,10,10,20,20,40,,,,,,,80,80,300,160,460,263.068,0.5832708333333333,0.40518341499585825,0.9467236501235282,0.05773449518833554,0.007162270434763662,0.0125,0.9433333333333334,0.5832708333333333,,,,0.7331666666666666,0.27525597008421465,,,,0.3760093668877275,0.9224628130340691,,,,0.9562276551266161,0.03199406071215146,,,,0.059073837836705625,,,,,,,,,,,,,0.433375,0.17450257328070173,0.8886979709415221,0.0049142835875972905
performance,cpr,pcb,50,,,,5,,5,5,5,20,20,40,,,,98,,99,124,104,300,425,725,259.399,0.7988235294117647,0.8512036799011397,0.9235904546638845,0.02911795780598375,0.0069179651034461005,0.009411764705882352,0.79,0.7921411157859891,,,0.8237037037037038,0.6638782051282051,0.5838811884811465,,,0.6547154477352478,0.3206958056260906,0.9269907444084522,,,0.8995989459980409,0.9687822497644458,0.02024088663978798,,,0.01008238552963582,0.05445205459152951,,0.7512244897959184,,0.46219184188516554,,0.9009635902180436,,0.0020407071356658988,,,,,0.9297580645161291,0.897921658678082,0.9386181916532786,0.014388399302320677
performance,cpr,phone_battery,50,5,,,5,5,,,5,20,20,40,33,,,23,120,,,84,300,260,560,259.894,0.8934102564102564,0.8878079647501005,0.9842024994591129,0.34947413964775415,0.00627487482141841,0.011538461538461539,0.8033333333333333,0.8208286161302466,,0.9279722222222222,,0.976031746031746,0.5171861444041744,,0.8417407330894665,,0.9152053901519662,0.9725950437728716,,0.9726273172457781,,0.9948477818848038,0.1491806184280496,,0.2008760043899335,,0.35955279973549686,0.721919191919192,0.6573913043478261,0.2051324340180049,0.10666602035725993,0.9640866428825743,0.9588184330783304,0.026368432659957045,0.009925236926811024,,,,,,,,
performance,cpr,plastic_nut,50,5,,,5,,5,,5,20,20,40,8,,,8,,51,,19,300,86,386,258.445,0.7312403100775194,0.48067517213375127,0.9748140118116299,0.10480910457927717,0.007078909067371607,0.011627906976744186,0.9166666666666666,0.7561380933952528,,,0.6613725490196078,0.9319298245614035,0.2801901305261225,,,0.2014095862214331,0.8021580500682666,0.9835741828264154,,,0.9630645738706225,0.9992653234772445,0.03850437797232201,,,0.024461458833970554,0.11630253120980412,0.77625,0.655,0.05872059331164257,0.05847229250314792,0.9775040462610894,0.9944627876967053,0.0015198375875891134,0.011733684257924235,,,,,,,,
performance,cpr,plastic_plug,50,5,,,5,,5,,5,20,20,40,116,,,53,,26,,47,300,242,542,255.258,0.809793388429752,0.7451511067212124,0.9880968348305795,0.21080289343409445,0.006524481180809321,0.008264462809917356,0.9033333333333333,0.7972378892927005,,,0.7875641025641026,0.7851773049645391,0.40107997691254543,,,0.20811979819060183,0.43944569082432433,0.9821963351977269,,,0.9876803722746695,0.9839873938853696,0.07647858014760296,,,0.03210552564445349,0.047974669065480306,0.8401724137931034,0.7760377358490567,0.6432649179688706,0.3134895006663849,0.9962019559699202,0.960915618660948,0.2135036914152005,0.012330434465277545,,,,,,,,
performance,cpr,porcelain_doll,50,,,7,7,,,,6,20,20,40,,,52,35,,,,78,300,165,465,268.602,0.7311717171717171,0.6436032286832616,0.9840802663960849,0.11016224023072253,0.00670543182796762,0.012121212121212121,0.97,0.7210466015466016,,,,0.8202991452991453,0.3848522950151099,,,,0.630057378090601,0.9787051410928219,,,,0.9888282177887668,0.05252930265065637,,,,0.12147690269920067,,0.7745714285714286,,0.3123816208472499,,0.9746231588191896,,0.009371802669472507,0.5682692307692309,0.21211788610747878,0.9726640466705093,0.026739202583295943,,,,
performance,cpr,regulator,50,,,,,,20,,,20,20,40,,,,3,,43,,,300,46,346,240.689,0.806304347826087,0.38787404640477857,0.9820901033854034,0.03793251853881578,0.006384626300592372,0.0,0.9966666666666667,0.6307622739018088,,,0.8326356589147287,,0.20545322630980173,,,0.399843721932374,,0.9645863009390324,,,0.9784307003942619,,0.021339496052421,,,0.04253151084399502,,,0.4288888888888889,,0.011062730687229464,,0.9507419014838029,,0.00014748126084697968,,,,,,,,
performance,cpr,rolled_strip_base,50,7,,,,,7,,6,20,20,40,163,,,,,160,,166,300,489,789,281.066,0.9859850034083164,0.9914150323467265,0.9975629407615388,0.46290453356837086,0.007394235361220949,0.010224948875255624,0.17333333333333334,0.9857999980494575,,,0.9656875,0.9958433734939759,0.9748996609090771,,,0.938972931651303,0.9935722143612646,0.9980173964390643,,,0.9957204437214088,0.9996716511583855,0.3528075718346348,,,0.29188028452698866,0.40072976211559175,0.9958691206543967,,0.9921538367146638,,0.9986600944373984,,0.3658126688613239,,,,,,,,,
performance,cpr,switch,50,,,,7,,7,,6,20,20,40,,,,157,,145,,155,300,457,757,286.959,0.9232385120350108,0.9545982337230017,0.9844940064964239,0.29049427079200213,0.006974310700139322,0.010940919037199124,0.7133333333333334,0.9244102411502282,,,0.9584137931034482,0.9881290322580645,0.8882715235577763,,,0.9352238754310449,0.982658646304494,0.975318499932608,,,0.9812450862307261,0.996152698709669,0.2002176322051578,,,0.2412620068522485,0.307059283697545,,0.826687898089172,,0.7469320489377903,,0.9485577148574287,,0.05233160606567996,,,,,,,,
performance,cpr,tape,50,,,,,7,7,,6,20,20,40,,,,,121,69,,13,300,203,503,255.632,0.9620689655172414,0.9441003148329699,0.991062402247594,0.2415901227945949,0.006964852286278047,0.009852216748768473,0.43,0.9541350670994939,,0.9834159779614324,0.9264251207729469,0.9525641025641025,0.8083533219529162,,0.9589015313464297,0.7128428542304489,0.7533155802818696,0.9930576709826354,,0.9970928755178681,0.9833260027936777,0.9987541346363606,0.13461757497783503,,0.24316755545336435,0.09670614371857839,0.06397902576156234,,,,,,,,,,,,,,,,
performance,cpr,terminalblock,50,7,,,,,7,,6,20,20,40,135,,,,,138,,96,300,369,669,260.68,0.819349593495935,0.8615396650711463,0.9970646600630149,0.3541079165654384,0.007235685799712418,0.01084010840108401,0.7933333333333333,0.8282308440687064,,,0.7740096618357488,0.9080902777777777,0.7317398967054894,,,0.6834686938209935,0.8507614453054929,0.9969001409709012,,,0.9946518934613156,0.9974735461866131,0.22070985995936074,,,0.19162671598712494,0.22837253788115927,0.8025925925925925,,0.6609895509899819,,0.9985749832647749,,0.24213032600979795,,,,,,,,,
performance,cpr,toy,50,7,,,7,,,,6,20,20,40,118,,,120,,,,119,300,357,657,278.906,0.716685340802988,0.7759924944444638,0.9641880271569214,0.15151962390827028,0.007065968949772741,0.011204481792717087,0.6466666666666666,0.7174451631876857,,,,0.7361344537815125,0.5913154295091235,,,,0.6625660631811807,0.9407534195058443,,,,0.9954527838169023,0.1296938846926409,,,,0.23948584881945653,0.843728813559322,0.5724722222222223,0.7418035447221237,0.36957668062406607,0.996385491526096,0.8304219831745348,0.14905327048894548,0.0005425347695207182,,,,,,,,
performance,cpr,toy_brick,50,5,,,5,,5,,5,20,20,40,62,,,55,,76,,47,300,240,540,277.688,0.812138888888889,0.8032488366633399,0.974597695349991,0.24449789984463516,0.007950241851848559,0.008333333333333333,0.9666666666666667,0.8136096108102665,,,0.8155263157894738,0.8701418439716312,0.5788329351126391,,,0.5413423722294533,0.6996639884341632,0.9755163990157443,,,0.9694432617793679,0.9703021445718228,0.1110950855984699,,,0.11940382830064505,0.11331458813156291,0.8220430107526882,0.7467272727272728,0.671657943586466,0.4026674362004738,0.9911804496688402,0.9711397400429463,0.13660610289164316,0.07505582307002844,,,,,,,,
performance,cpr,transistor1,50,,7,,,,7,,6,20,20,40,,164,,,,157,,128,300,449,749,271.6,0.6192130660727542,0.7474670948289115,0.9593922014307966,0.06865949667563163,0.007178656074776301,0.008908685968819599,0.9433333333333334,0.6132478749697926,0.6252032520325203,,0.6907643312101911,0.5237760416666667,0.5227922010828353,0.5761882379025461,,0.5532630079486733,0.43892535739728655,0.9538469664294004,0.9663152711992082,,0.9260506822874693,0.9691749458015234,0.047323732669733165,0.03343938472108732,,0.007488039179478168,0.10104377410863401,,,,,,,,,,,,,,,,
performance,cpr,u_block,50,,,5,5,,5,,5,20,20,40,,,15,12,,37,,40,300,104,404,267.019,0.7305448717948717,0.4867788039797504,0.9883156252287084,0.10765779544792009,0.006705387376226522,0.009615384615384616,0.9733333333333334,0.7207332957957958,,,0.7687387387387388,0.72575,0.22038614388417166,,,0.2632200421481451,0.3488541393849901,0.9776517353957974,,,0.9966785335625866,0.9977296270104709,0.04504074454470451,,,0.10160600763137458,0.06781174514483265,,0.7744444444444444,,0.2083478130872632,,0.9229961245990679,,0.00032450213937476277,0.614,0.06112258091628822,0.9932026564110645,0.010420723263236061,,,,
performance,cpr,usb,50,,5,,5,,5,,5,20,20,40,,122,,49,,78,,33,300,282,582,273.496,0.903096926713948,0.8842337462168934,0.9885541853783323,0.2648061018987996,0.0064280338487982674,0.010638297872340425,0.93,0.8789932488146773,0.975,,0.8944444444444445,0.9202020202020202,0.5774690234447765,0.9077264768541004,,0.6309788020871273,0.5305546655641286,0.979710662290487,0.9904597360341939,,0.9813501867617349,0.9896276050075581,0.10232493336716257,0.19739092844450368,,0.1163647743103265,0.06815549342440408,,0.7263265306122448,,0.24061614927374947,,0.9574051213584609,,0.027388537289416037,,,,,,,,
performance,cpr,usb_adaptor,50,5,,5,5,,,,5,20,20,40,80,,17,57,,,,82,300,236,536,268.126,0.7034463276836158,0.7218430586240623,0.9623872220283312,0.1416161337275732,0.006445838992541117,0.00847457627118644,0.9533333333333334,0.6848173471624421,,,,0.6232113821138211,0.46006565578444814,,,,0.43253712356219554,0.943209260968194,,,,0.9550913025455694,0.06969159695334826,,,,0.05812328997874685,0.8452083333333333,0.6422222222222221,0.7361283948286323,0.3671218630937327,0.9975387339941879,0.9286481461505839,0.15347553039761627,0.0384219763327712,0.6286274509803922,0.3044752416532319,0.8915588611824347,0.02874559110425873,,,,
performance,cpr,vcpill,50,5,,,5,,5,,5,20,20,40,45,,,6,,102,,35,300,188,488,37205.388,0.8064539007092199,0.7742584775139578,0.9553637615996146,0.24975946789494138,0.006503045082115664,0.010638297872340425,0.96,0.7505126828509182,,,0.80640522875817,0.8232380952380951,0.4979726777803526,,,0.6418843910553943,0.6137758945882873,0.9520241781369196,,,0.9458663134029713,0.9618802391043252,0.12600265617291212,,,0.1623799978878459,0.14191875213017435,0.8285185185185187,0.5438888888888889,0.7068567541463057,0.029373671331423237,0.975991922825637,0.9243582372147452,0.19462900085458798,0.005082873819040223,,,,,,,,
performance,cpr,woodstick,50,,,,7,,7,,6,20,20,40,6,,,5,,62,,22,300,95,395,274.108,0.8969824561403509,0.7554881442623976,0.9730295515771812,0.20164374378636096,0.0069576984808538585,0.010526315789473684,0.82,0.8754766210492018,,,0.8912903225806451,0.9427272727272727,0.44399271546536473,,,0.6027276253765156,0.8357534860287185,0.9377442270814216,,,0.9735330472959197,0.9829950973799916,0.05740010908271844,,,0.0835031187637749,0.13294033767411992,0.8738888888888889,0.794,0.2936572199730094,0.04383253048321542,0.9855190353807077,0.8089297282690672,0.011852116437167213,0.0013048634558117213,,,,,,,,
performance,cpr,zipper,50,,5,,,5,5,,5,20,20,40,,120,,,116,120,,124,300,480,780,345.15,0.9794652777777778,0.9838512280998262,0.9640801168355708,0.19255547942396178,0.00636441294873993,0.010416666666666666,0.16333333333333333,0.9793245427017675,0.9815277777777778,0.9669827586206897,0.9849166666666667,0.9838709677419355,0.9395652662456045,0.95011006688684,0.9120742647260875,0.9547098593611103,0.9413668740083802,0.9817271704160184,0.9528484709626847,0.9905930022279887,0.9876140941606643,0.995853114312736,0.1824388735191283,0.15476709910764933,0.10943246365734219,0.09784326484442361,0.3677126664670981,,,,,,,,,,,,,,,,
performance,cpr-512-100,audiojack,100,,7,,,,7,,6,20,20,40,,119,,4,,49,,14,300,186,486,587.409,0.8714695340501792,0.8332741823108195,,,0.006647276748922738,0.010752688172043012,0.84,0.8611904761904763,0.9638095238095239,,0.6366666666666666,0.8826190476190476,0.5032541814351321,0.8959368815620945,,0.20888279776095375,0.4693081575285914,,,,,,,,,,,,0.9616666666666666,,0.4388888888888889,,,,,,,,,,,,
performance,cpr-512-100,button_battery,100,5,,5,5,,,,5,20,20,40,118,,63,104,,,,112,300,397,697,631.834,0.7639210747271201,0.7686364434532549,,,0.006703014346720668,0.010075566750629723,0.8833333333333333,0.7715557342649504,,,,0.8173511904761905,0.45855659257525316,,,,0.6852435738357722,,,,,,,,,,,0.7336723163841807,0.6937179487179487,0.393601776310899,0.34275400294799363,,,,,0.8414814814814815,0.4126270172063481,,,,,,
performance,cpr-512-100,mint,100,,,,,,,10,10,20,20,40,,,,,,,80,80,300,160,460,608.55,0.6909791666666667,0.49264346947821586,,,0.006724659565098472,0.0125,0.9566666666666667,0.6909791666666666,,,,0.7584583333333332,0.3422963334875886,,,,0.4357078912140425,,,,,,,,,,,,,,,,,,,,,,,0.6234999999999999,0.2488847757611346,,
performance,cpr-512-100,switch,100,,,,7,,7,,6,20,20,40,,,,157,,145,,155,300,457,757,613.592,0.9561487964989059,0.9726996298610724,,,0.006501208718901019,0.010940919037199124,0.6,0.9567301216181855,,,0.9729655172413793,0.9921505376344086,0.9280570142363619,,,0.9514923704144804,0.98827524917272,,,,,,,,,,,,0.9050743099787686,,0.8444034231218854,,,,,,,,,,,,
performance,cpr-512-100,tape,100,,,,,7,7,,6,20,20,40,,,,,121,69,,13,300,203,503,623.422,0.9602627257799673,0.9441674539525489,,,0.006047225844371456,0.009852216748768473,0.47,0.9460716007751581,,0.9825068870523417,0.9272463768115942,0.9284615384615384,0.7865793747590596,,0.9628621259913647,0.7079988153639662,0.688877182921848,,,,,,,,,,,,,,,,,,,,,,,,,,
performance,cpr-512-100,terminalblock,100,7,,,,,7,,6,20,20,40,135,,,,,138,,96,300,369,669,631.478,0.9103703703703703,0.9388041332452682,,,0.006351581912297026,0.01084010840108401,0.9,0.9099080112721417,,,0.8713768115942028,0.9025694444444444,0.8659144564415483,,,0.8292618915978902,0.8652675519544608,,,,,,,,,,,0.9557777777777778,,0.9032139257722938,,,,,,,,,,,,,
performance,cpr-512-100,toy,100,7,,,7,,,,6,20,20,40,118,,,120,,,,119,300,357,657,638.344,0.7263305322128852,0.8038182736443484,,,0.006227406545111958,0.011204481792717087,0.8033333333333333,0.7271933498446459,,,,0.7964985994397759,0.6276787792051769,,,,0.7531143475820339,,,,,,,,,,,0.8465536723163842,0.5385277777777778,0.7922988195545935,0.3376231704789033,,,,,,,,,,,,
performance,cpr-512-100,toy_brick,100,5,,,5,,5,,5,20,20,40,62,,,55,,76,,47,300,240,540,639.09,0.7933888888888888,0.7581363582451195,,,0.006143755926340991,0.008333333333333333,0.98,0.7980848175337889,,,0.7717982456140351,0.8726241134751772,0.49375863977447354,,,0.3987810610714546,0.6703156052657128,,,,,,,,,,,0.8011290322580645,0.7467878787878787,0.6109608010024616,0.29497709175826503,,,,,,,,,,,,
performance,cpr-512-100,transistor1,100,,7,,,,7,,6,20,20,40,,164,,,,157,,128,300,449,749,646.669,0.7621752041573868,0.8615575802168367,,,0.006184598798266747,0.008908685968819599,0.9066666666666666,0.7465898875101411,0.9738008130081302,,0.7058386411889597,0.5601302083333333,0.6952518047886139,0.945509262270651,,0.6034521024274365,0.5367940496677543,,,,,,,,,,,,,,,,,,,,,,,,,,
performance,cpr-512-100,u_block,100,,,5,5,,5,,5,20,20,40,,,15,12,,37,,40,300,104,404,622.426,0.663525641025641,0.4627804901520154,,,0.0061395435623126104,0.009615384615384616,1.0,0.5801672297297298,,,0.8222522522522523,0.6749166666666666,0.19339684290339443,,,0.38942943309795613,0.27968962614629506,,,,,,,,,,,,0.25527777777777777,,0.04193697618332024,,,,,0.5682222222222223,0.06253133618600636,,,,,,
performance,cpr-512-100,usb,100,,5,,5,,5,,5,20,20,40,,122,,49,,78,,33,300,282,582,621.181,0.9131323877068558,0.8776449140820022,,,0.0062315670110899765,0.010638297872340425,0.7566666666666667,0.896560733697736,0.9701639344262296,,0.8779487179487179,0.9065656565656566,0.5773707970826364,0.8719080224463814,,0.6320256075229719,0.48573480649235945,,,,,,,,,,,,0.8315646258503401,,0.3198147518688328,,,,,,,,,,,,
performance,cpr-512-100,usb_adaptor,100,5,,5,5,,,,5,20,20,40,80,,17,57,,,,82,300,236,536,634.015,0.6928248587570621,0.6464114721651266,,,0.00626142500072662,0.00847457627118644,0.9566666666666667,0.6735221251583645,,,,0.628130081300813,0.3316228844462181,,,,0.3184592988341265,,,,,,,,,,,0.8367083333333334,0.6041520467836257,0.5731602620354633,0.2575496950848824,,,,,0.6250980392156863,0.17732228183040044,,,,,,
performance,cpr-512-100,vcpill,100,5,,,5,,5,,5,20,20,40,45,,,6,,102,,35,300,188,488,628.925,0.7473226950354609,0.6638177171620059,,,0.006246800207366907,0.010638297872340425,0.9533333333333334,0.7109239028944911,,,0.7382352941176471,0.7839047619047619,0.3666963594508561,,,0.4335443806907656,0.531546552712707,,,,,,,,,,,0.7648888888888888,0.5566666666666666,0.4740217221545132,0.0276727822454386,,,,,,,,,,,,
performance,cpr-512-100,woodstick,100,,,,7,,7,,6,20,20,40,6,,,5,,62,,22,300,95,395,627.19,0.8619649122807018,0.7029540083124939,,,0.0063658784812646385,0.010526315789473684,0.9933333333333333,0.8787085369827305,,,0.8287634408602151,0.9515151515151514,0.46098455550736805,,,0.4554203468274358,0.8548394708147029,,,,,,,,,,,0.8972222222222221,0.8373333333333334,0.4727451704195891,0.0609332339677444,,,,,,,,,,,,
performance,cpr-512-100,zipper,100,,5,,,5,5,,5,20,20,40,,120,,,116,120,,124,300,480,780,667.36,0.9679305555555556,0.9662866034902686,,,0.006198392180690112,0.010416666666666666,0.13,0.9677936364479052,0.9842500000000001,0.949080459770115,0.9723333333333334,0.9655107526881721,0.8593941861242644,0.9465146193114968,0.7702252502167715,0.900711462770843,0.8201254121979462,,,,,,,,,,,,,,,,,,,,,,,,,,
performance,cpr-organized-dataset_512_100,audiojack,100,,7,,,,7,,6,20,20,40,,119,,4,,49,,14,300,186,486,653.938,0.9461827956989247,0.9345567333012599,,,0.015227617901930042,0.0,0.8533333333333334,0.8719477791116447,0.9984033613445379,,0.8441496598639456,0.9235714285714285,0.5394502653742483,0.9959044445161358,,0.4439762554492811,0.6846002871400737,,,,,,,,,,,,0.7216666666666667,,0.03332007439150297,,,,,,,,,,,,
performance,cpr-organized-dataset_512_100,bottle_cap,100,7,,,7,,,,6,20,20,40,58,,,118,,1,,29,300,206,506,627.698,0.952831715210356,0.9423812386484953,,,0.015709162253303006,0.0,0.9866666666666667,0.9714060977985584,,,0.99,0.9786206896551725,0.74847374122868,,,0.25,0.9159388527744005,,,,,,,,,,,0.9882183908045976,0.9287853107344634,0.9818214102475745,0.8461347018927453,,,,,,,,,,,,
performance,cpr-organized-dataset_512_100,button_battery,100,5,,5,5,,,,5,20,20,40,118,,63,104,,,,112,300,397,697,760.941,0.8672712006717044,0.8813051888293015,,,0.015562387948275852,0.0,1.0,0.8790781871925939,,,,0.9324999999999999,0.6598771256259017,,,,0.8736709561572793,,,,,,,,,,,0.7942655367231639,0.8146794871794871,0.4866031467047921,0.4873643822637749,,,,,0.9748677248677249,0.7918700173777606,,,,,,
performance,cpr-organized-dataset_512_100,end_cap,100,,,,5,5,5,,5,20,20,40,,,,87,114,128,,74,300,403,703,681.761,0.7801902398676592,0.7233297593605148,,,0.015432832006561792,0.0,1.0,0.781645618650638,,0.7871345029239766,0.7782291666666666,0.8273873873873875,0.42118440706298377,,0.44050393840252894,0.4726038612935085,0.4168056951261571,,,,,,,,,,,,0.7338314176245211,,0.35482413342974034,,,,,,,,,,,,
performance,cpr-organized-dataset_512_100,eraser,100,5,,,5,,5,,5,20,20,40,31,,,96,,25,,40,300,192,492,701.122,0.9382638888888888,0.9395724910988821,,,0.015528959145355872,0.005208333333333333,0.8866666666666667,0.9217362679211469,,,0.9338666666666667,0.8500833333333333,0.8420023390360061,,,0.9081535976591651,0.7441932033275724,,,,,,,,,,,0.9213978494623656,0.9815972222222222,0.7562135806407912,0.9594489745164958,,,,,,,,,,,,
performance,cpr-organized-dataset_512_100,fire_hood,100,5,,,5,,5,,5,20,20,40,28,,,45,,58,,16,300,147,447,700.633,0.959342403628118,0.9241448678715569,,,0.015532346086715134,0.0,0.9266666666666666,0.9549728265827404,,,0.9907471264367816,0.94375,0.7528413795240996,,,0.9563949057955029,0.6633474606070388,,,,,,,,,,,0.9636904761904762,0.9217037037037037,0.8791901612830608,0.5124329904107957,,,,,,,,,,,,
performance,cpr-organized-dataset_512_100,mint,100,,,,,,,10,10,20,20,40,,,,,,,80,80,300,160,460,700.062,0.9127708333333334,0.8652174324025401,,,0.01579907456471119,0.0,0.9733333333333334,0.9127708333333333,,,,0.9227500000000001,0.7604369045936659,,,,0.8441922081834006,,,,,,,,,,,,,,,,,,,,,,,0.9027916666666667,0.6766816010039313,,
performance,cpr-organized-dataset_512_100,pcb,100,,,,5,,5,5,5,20,20,40,,,,98,,99,124,104,300,425,725,633.736,0.9140549019607842,0.9445320934662912,,,0.015664107172573306,0.0,0.99,0.9086483078173746,,,0.8993939393939393,0.9434294871794872,0.8136317012210595,,,0.8241739990029389,0.9045326696116046,,,,,,,,,,,,0.8024149659863945,,0.5452377086739589,,,,,,,,,0.9893548387096776,0.9805824275957356,,
performance,cpr-organized-dataset_512_100,phone_battery,100,5,,,5,5,,,5,20,20,40,33,,,23,120,,,84,300,260,560,678.593,0.9278205128205127,0.9196860711945446,,,0.015306489643678235,0.0,1.0,0.8901592399146747,,0.9463888888888888,,0.9714285714285714,0.5696568818619647,,0.8870888470038989,,0.9230889306478939,,,,,,,,,,,0.8281818181818181,0.8146376811594203,0.28745245382688706,0.18099729596917927,,,,,,,,,,,,
performance,cpr-organized-dataset_512_100,plastic_nut,100,5,,,5,,5,,5,20,20,40,8,,,8,,51,,19,300,86,386,697.942,0.9505813953488371,0.8186080390266751,,,0.01564565725389921,0.0,0.96,0.9440914172686619,,,0.9524183006535947,0.962280701754386,0.5135409128723853,,,0.7189786166180895,0.7286040119207002,,,,,,,,,,,0.9491666666666666,0.9125,0.36753117913832195,0.2390498438124296,,,,,,,,,,,,
performance,cpr-organized-dataset_512_100,plastic_plug,100,5,,,5,,5,,5,20,20,40,116,,,53,,26,,47,300,242,542,673.005,0.9433608815426997,0.9425745832013511,,,0.015445852030701833,0.0,0.9166666666666666,0.9352505021614506,,,0.9762820512820514,0.9024113475177304,0.813606086498508,,,0.8966897428157586,0.7604371031287183,,,,,,,,,,,0.9808620689655172,0.8814465408805032,0.9613017121433409,0.6359957879062139,,,,,,,,,,,,
performance,cpr-organized-dataset_512_100,porcelain_doll,100,,,7,7,,,,6,20,20,40,,,52,35,,,,78,300,165,465,614.465,0.9303434343434344,0.9001309308333126,,,0.015526428386964585,0.0,0.9566666666666667,0.925604599104599,,,,0.9514529914529913,0.7520797510137763,,,,0.9026725629026039,,,,,,,,,,,,0.919142857142857,,0.6393962883311868,,,,,0.9062179487179487,0.7141704018075384,,,,,,
performance,cpr-organized-dataset_512_100,regulator,100,,,,,,20,,,20,20,40,,,,3,,43,,,300,46,346,624.248,0.9629710144927536,0.8989040854152852,,,0.015348364162491634,0.0,0.9033333333333333,0.812235142118863,,,0.9855813953488373,,0.47894418303500164,,,0.9402333550388381,,,,,,,,,,,,,0.6388888888888888,,0.017655011031165187,,,,,,,,,,,,
performance,cpr-organized-dataset_512_100,rolled_strip_base,100,7,,,,,7,,6,20,20,40,163,,,,,160,,166,300,489,789,708.289,0.9974778459441036,0.9986175223655571,,,0.015442708744584843,0.0,0.9066666666666666,0.9974887884872824,,,0.997125,0.9953413654618474,0.9963866138652545,,,0.9943260027125165,0.9948338388832476,,,,,,,,,,,1.0,,0.9999999999999997,,,,,,,,,,,,,
performance,cpr-organized-dataset_512_100,switch,100,,,,7,,7,,6,20,20,40,,,,157,,145,,155,300,457,757,642.367,0.9636761487964989,0.973376873158,,,0.015305340554579955,0.0,0.99,0.9642312768689281,,,0.9807586206896551,0.9919139784946237,0.9072707218744746,,,0.9564332490077175,0.9859716581542083,,,,,,,,,,,,0.9200212314225054,,0.779407258461498,,,,,,,,,,,,
performance,cpr-organized-dataset_512_100,tape,100,,,,,7,7,,6,20,20,40,,,,,121,69,,13,300,203,503,659.788,0.9801313628899837,0.972928953138035,,,0.015418572365570161,0.0,0.9666666666666667,0.9679467217016624,,0.9895592286501377,0.9704347826086956,0.9438461538461539,0.8789766843870391,,0.9779352944527769,0.8901459643880854,0.7688487943202552,,,,,,,,,,,,,,,,,,,,,,,,,,
performance,cpr-organized-dataset_512_100,terminalblock,100,7,,,,,7,,6,20,20,40,135,,,,,138,,96,300,369,669,633.193,0.9903252032520325,0.9936074978479561,,,0.01546679611287535,0.0,0.96,0.9890359970477723,,,0.9908695652173913,0.9769791666666666,0.9832200435953468,,,0.982732354795915,0.968611150505938,,,,,,,,,,,0.9992592592592593,,0.9983166254841875,,,,,,,,,,,,,
performance,cpr-organized-dataset_512_100,toy,100,7,,,7,,,,6,20,20,40,118,,,120,,,,119,300,357,657,660.577,0.868608776844071,0.8845122119854594,,,0.015426996500777787,0.0,0.9866666666666667,0.869356654903016,,,,0.9459663865546218,0.7158808786888811,,,,0.862547630189823,,,,,,,,,,,0.9645480225988701,0.6975555555555556,0.9105033547964676,0.37459165108035236,,,,,,,,,,,,
performance,cpr-organized-dataset_512_100,toy_brick,100,5,,,5,,5,,5,20,20,40,62,,,55,,76,,47,300,240,540,687.037,0.8232083333333333,0.8300469021568906,,,0.0153191722227752,0.025,0.85,0.8219794850028297,,,0.8396491228070176,0.8533333333333334,0.6373618616249876,,,0.6333698709863045,0.744940204465427,,,,,,,,,,,0.8469354838709677,0.748,0.7552329806000125,0.4159043904482064,,,,,,,,,,,,
performance,cpr-organized-dataset_512_100,transistor1,100,,7,,,,7,,6,20,20,40,,164,,,,157,,128,300,449,749,682.269,0.9475352635486265,0.9593110331485273,,,0.015335395328361088,0.0,0.9866666666666667,0.9426080288868176,0.9815853658536585,,0.9705095541401274,0.8757291666666667,0.8812550231521531,0.9325275809924335,,0.8874674717783173,0.8237700166857083,,,,,,,,,,,,,,,,,,,,,,,,,,
performance,cpr-organized-dataset_512_100,u_block,100,,,5,5,,5,,5,20,20,40,,,15,12,,37,,40,300,104,404,669.654,0.8882371794871795,0.8467854478045805,,,0.015420369803329174,0.0,0.9966666666666667,0.8874391891891892,,,0.9900900900900901,0.8038333333333335,0.5845851780892775,,,0.9550255325398155,0.6958664698047157,,,,,,,,,,,,0.9158333333333334,,0.4853674279222129,,,,,0.84,0.20208128209036572,,,,,,
performance,cpr-organized-dataset_512_100,usb,100,,5,,5,,5,,5,20,20,40,,122,,49,,78,,33,300,282,582,619.82,0.9499408983451537,0.9316563613594973,,,0.015558689175500883,0.0,0.99,0.9409717816011727,0.9840437158469946,,0.9249145299145299,0.9503030303030303,0.7257720826577071,0.9221623218803114,,0.7838725050282862,0.7488447414526167,,,,,,,,,,,,0.9046258503401361,,0.448208762269614,,,,,,,,,,,,
performance,cpr-organized-dataset_512_100,usb_adaptor,100,5,,5,5,,,,5,20,20,40,80,,17,57,,,,82,300,236,536,667.368,0.9203531073446327,0.9126581241437973,,,0.015460631716627204,0.00423728813559322,0.8966666666666666,0.9036282834432445,,,,0.9113821138211382,0.7244064792859107,,,,0.793279128207749,,,,,,,,,,,0.9622916666666665,0.8973099415204678,0.885646635965672,0.7228688650015926,,,,,0.8435294117647057,0.4958312879686293,,,,,,
performance,cpr-organized-dataset_512_100,vcpill,100,5,,,5,,5,,5,20,20,40,45,,,6,,102,,35,300,188,488,619.717,0.8954255319148937,0.883549920930189,,,0.015444795698281492,0.0,0.94,0.8516794273264862,,,0.9054901960784314,0.8755238095238096,0.6242944748135802,,,0.8266692711948994,0.7734174719885787,,,,,,,,,,,0.9123703703703704,0.7133333333333334,0.8202288060255152,0.07686235004532786,,,,,,,,,,,,
performance,cpr-organized-dataset_512_100,woodstick,100,,,,7,,7,,6,20,20,40,6,,,5,,62,,22,300,95,395,617.368,0.9343508771929825,0.8059712041670096,,,0.01568666177262446,0.0,0.9633333333333334,0.9263967904855002,,,0.9243548387096774,0.9771212121212121,0.5257365325788848,,,0.641021890793101,0.8365012600022086,,,,,,,,,,,0.9361111111111111,0.8680000000000001,0.5304429481409679,0.09498003137926116,,,,,,,,,,,,
performance,cpr-organized-dataset_512_100,zipper,100,,5,,,5,5,,5,20,20,40,,120,,,116,120,,124,300,480,780,650.725,0.9986597222222222,0.9991373612983816,,,0.015319618974134731,0.0,0.9566666666666667,0.998632284328266,1.0,0.9964655172413793,0.9983055555555556,0.999758064516129,0.9963366960353606,0.9999999999999999,0.9901331516151856,0.9957986861230278,0.9994149464032287,,,,,,,,,,,,,,,,,,,,,,,,,,
performance,cpr-organized-dataset_512_200,audiojack,200,,7,,,,7,,6,20,20,40,,119,,4,,49,,14,300,186,486,663.07,0.9455197132616489,0.9342833616699368,,,0.015612677572924574,0.0,0.93,0.8621611144457784,0.9981512605042017,,0.8496598639455782,0.905,0.5443473036975139,0.9952992717052669,,0.45987659055784746,0.6811870177506065,,,,,,,,,,,,0.6958333333333333,,0.04102633477633478,,,,,,,,,,,,
performance,cpr-organized-dataset_512_200,bottle_cap,200,7,,,7,,,,6,20,20,40,58,,,118,,1,,29,300,206,506,686.841,0.9598867313915858,0.9558548388372597,,,0.015582811856378245,0.0,0.99,0.9753282680693551,,,1.0,0.9713793103448276,0.9544909301980211,,,1.0,0.938653565661024,,,,,,,,,,,0.9860919540229885,0.9438418079096045,0.985006416818175,0.8943037383128858,,,,,,,,,,,,
performance,cpr-organized-dataset_512_200,button_battery,200,5,,5,5,,,,5,20,20,40,118,,63,104,,,,112,300,397,697,652.546,0.8629219143576826,0.875624256072143,,,0.015459161120669989,0.0,1.0,0.8757124792188351,,,,0.9378571428571428,0.651633824786745,,,,0.8743987666818539,,,,,,,,,,,0.7781073446327683,0.808525641025641,0.4577656668686342,0.46676644173157544,,,,,0.9783597883597883,0.8076044238649166,,,,,,
performance,cpr-organized-dataset_512_200,end_cap,200,,,,5,5,5,,5,20,20,40,,,,87,114,128,,74,300,403,703,684.95,0.7705210918114144,0.7226007389120709,,,0.015546169557580843,0.0,1.0,0.7736521839727659,,0.7866666666666666,0.7507291666666667,0.8254504504504505,0.4201367604638904,,0.4446090481766074,0.4527405119592323,0.421147927682791,,,,,,,,,,,,0.7317624521072799,,0.3620495540369311,,,,,,,,,,,,
performance,cpr-organized-dataset_512_200,eraser,200,5,,,5,,5,,5,20,20,40,31,,,96,,25,,40,300,192,492,673.712,0.9409722222222223,0.936987954573471,,,0.015595817072075656,0.005208333333333333,0.9,0.9256948252688172,,,0.9392000000000001,0.8699166666666667,0.8349294767687176,,,0.9094222529759012,0.7432487425105754,,,,,,,,,,,0.9138709677419354,0.9797916666666667,0.7436038022882474,0.9434431093001469,,,,,,,,,,,,
performance,cpr-organized-dataset_512_200,fire_hood,200,5,,,5,,5,,5,20,20,40,28,,,45,,58,,16,300,147,447,693.106,0.9665532879818594,0.9383614083889013,,,0.015469024608810734,0.0,0.9533333333333334,0.9626426461868274,,,0.9929310344827587,0.951875,0.7883003404010591,,,0.9629197942300214,0.6995473836855092,,,,,,,,,,,0.9703571428571428,0.9354074074074075,0.8830656604931493,0.6076685231955564,,,,,,,,,,,,
performance,cpr-organized-dataset_512_200,mint,200,,,,,,,10,10,20,20,40,,,,,,,80,80,300,160,460,701.141,0.9398124999999999,0.9072351454479561,,,0.01579896695772692,0.0,0.99,0.9398125,,,,0.9466666666666667,0.8345479499784567,,,,0.8840640626922397,,,,,,,,,,,,,,,,,,,,,,,0.9329583333333334,0.7850318372646737,,
performance,cpr-organized-dataset_512_200,pcb,200,,,,5,,5,5,5,20,20,40,,,,98,,99,124,104,300,425,725,635.519,0.9273882352941176,0.9524124683864337,,,0.015484880552113313,0.0,1.0,0.9227679630703824,,,0.9009427609427609,0.9498717948717949,0.8360329021530843,,,0.8247174193141575,0.9147660888815348,,,,,,,,,,,,0.8473809523809523,,0.6186962313328427,,,,,,,,,0.9928763440860214,0.9859518690838024,,
performance,cpr-organized-dataset_512_200,phone_battery,200,5,,,5,5,,,5,20,20,40,33,,,23,120,,,84,300,260,560,660.679,0.9312820512820513,0.9228306739246654,,,0.015548818392354795,0.0,0.9966666666666667,0.8943615189158667,,0.9500555555555555,,0.9742460317460317,0.5774419442011354,,0.8946630085610434,,0.9240903519885109,,,,,,,,,,,0.8267676767676768,0.8263768115942028,0.290907364199018,0.20010705205596926,,,,,,,,,,,,
performance,cpr-organized-dataset_512_200,plastic_nut,200,5,,,5,,5,,5,20,20,40,8,,,8,,51,,19,300,86,386,673.809,0.9698062015503875,0.8758866466718936,,,0.01540746450785504,0.0,0.9166666666666666,0.96296826625387,,,0.9752941176470589,0.9682456140350877,0.6109476687404417,,,0.8231316031120555,0.7455261863743338,,,,,,,,,,,0.96625,0.9420833333333333,0.4809232026143791,0.3942096828609986,,,,,,,,,,,,
performance,cpr-organized-dataset_512_200,plastic_plug,200,5,,,5,,5,,5,20,20,40,116,,,53,,26,,47,300,242,542,685.605,0.9461845730027548,0.945310699003248,,,0.015592090038791457,0.0,0.9433333333333334,0.9381788008892136,,,0.9765384615384615,0.9065248226950355,0.8118857164813198,,,0.8828436254948786,0.7731804571760399,,,,,,,,,,,0.9823563218390805,0.8872955974842767,0.9637990066577566,0.6277197765966043,,,,,,,,,,,,
performance,cpr-organized-dataset_512_200,porcelain_doll,200,,,7,7,,,,6,20,20,40,,,52,35,,,,78,300,165,465,703.626,0.9459393939393939,0.9221061160393491,,,0.015648589247051547,0.0,0.9666666666666667,0.9446898656898656,,,,0.9561538461538461,0.8095387992564929,,,,0.915105664155534,,,,,,,,,,,,0.9500952380952381,,0.7481806479306612,,,,,0.9278205128205128,0.7653300856832836,,,,,,
performance,cpr-organized-dataset_512_200,regulator,200,,,,,,20,,,20,20,40,,,,3,,43,,,300,46,346,698.998,0.9610869565217391,0.9000293547403481,,,0.015477078611830605,0.0,1.0,0.7859043927648579,,,0.9873643410852713,,0.4792291597269927,,,0.9430056040446219,,,,,,,,,,,,,0.5844444444444444,,0.015452715409363592,,,,,,,,,,,,
performance,cpr-organized-dataset_512_200,rolled_strip_base,200,7,,,,,7,,6,20,20,40,163,,,,,160,,166,300,489,789,658.627,0.9971915473755966,0.9983623870554156,,,0.015323969201849955,0.0,0.7033333333333334,0.9971977562602148,,,0.9963333333333333,0.9953212851405623,0.9953682998135495,,,0.9919273901281409,0.9942904256916912,,,,,,,,,,,0.9999386503067486,,0.999887083620816,,,,,,,,,,,,,
performance,cpr-organized-dataset_512_200,switch,200,,,,7,,7,,6,20,20,40,,,,157,,145,,155,300,457,757,669.424,0.9657840991976661,0.9763968436035035,,,0.01547384848075401,0.0,0.9966666666666667,0.9663863473372553,,,0.9849885057471265,0.9923870967741936,0.9253766931834635,,,0.9685783196052384,0.987271587938634,,,,,,,,,,,,0.9217834394904458,,0.8202801720065178,,,,,,,,,,,,
performance,cpr-organized-dataset_512_200,tape,200,,,,,7,7,,6,20,20,40,,,,,121,69,,13,300,203,503,651.289,0.9742692939244664,0.9633043291188114,,,0.015731840755139656,0.0,0.9733333333333334,0.9629441777663121,,0.9846556473829201,0.9621256038647343,0.9420512820512821,0.8550304631646671,,0.9680088343646598,0.8357385578563579,0.7613439972729834,,,,,,,,,,,,,,,,,,,,,,,,,,
performance,cpr-organized-dataset_512_200,terminalblock,200,7,,,,,7,,6,20,20,40,135,,,,,138,,96,300,369,669,687.404,0.9896296296296297,0.99304825521618,,,0.015475268609180033,0.0,0.9833333333333333,0.988197810431204,,,0.9904830917874395,0.9748263888888888,0.9814444124283922,,,0.9816560538671129,0.964392751468605,,,,,,,,,,,0.9992839506172839,,0.9982844319494587,,,,,,,,,,,,,
performance,cpr-organized-dataset_512_200,toy,200,7,,,7,,,,6,20,20,40,118,,,120,,,,119,300,357,657,677.247,0.9015966386554621,0.924992959967121,,,0.015454142617382097,0.0,0.9766666666666667,0.9022763666671941,,,,0.9832773109243697,0.7963113200626584,,,,0.9625418684559854,,,,,,,,,,,0.9831073446327684,0.7404444444444445,0.9736552230944275,0.4527368686375624,,,,,,,,,,,,
performance,cpr-organized-dataset_512_200,toy_brick,200,5,,,5,,5,,5,20,20,40,62,,,55,,76,,47,300,240,540,646.74,0.8237916666666667,0.8057648606966805,,,0.01544695203742271,0.0125,0.9133333333333333,0.8225596522151764,,,0.8415350877192983,0.8522695035460993,0.560407374995447,,,0.5511584307442602,0.6965231119080372,,,,,,,,,,,0.8418279569892474,0.7546060606060606,0.6778862002476056,0.31606175708188533,,,,,,,,,,,,
performance,cpr-organized-dataset_512_200,transistor1,200,,7,,,,7,,6,20,20,40,,164,,,,157,,128,300,449,749,659.915,0.9502746844840385,0.9620497136252824,,,0.015585391188024211,0.0,0.9833333333333333,0.9454922833812335,0.9814634146341463,,0.9748832271762208,0.8801302083333334,0.8877893215360904,0.932461387398584,,0.9038907473147039,0.8270158298949832,,,,,,,,,,,,,,,,,,,,,,,,,,
performance,cpr-organized-dataset_512_200,u_block,200,,,5,5,,5,,5,20,20,40,,,15,12,,37,,40,300,104,404,704.291,0.8917948717948718,0.8567108767066318,,,0.015494521038628663,0.0,0.9733333333333334,0.8861276276276276,,,0.9882882882882883,0.8230000000000001,0.5925790243347668,,,0.9503964248046746,0.7389361754398055,,,,,,,,,,,,0.9127777777777777,,0.4358536520170875,,,,,0.8204444444444445,0.24512984507749994,,,,,,
performance,cpr-organized-dataset_512_200,usb,200,,5,,5,,5,,5,20,20,40,,122,,49,,78,,33,300,282,582,691.628,0.9498108747044918,0.9365247463898356,,,0.015565944501999733,0.0,0.9933333333333333,0.9407461907725374,0.9842622950819673,,0.9244017094017093,0.9498989898989899,0.7347987656419084,0.9266812569275075,,0.7963349960867722,0.7749856746735598,,,,,,,,,,,,0.904421768707483,,0.4411931348797941,,,,,,,,,,,,
performance,cpr-organized-dataset_512_200,usb_adaptor,200,5,,5,5,,,,5,20,20,40,80,,17,57,,,,82,300,236,536,635.019,0.9157485875706215,0.9052550881695333,,,0.015545327053492222,0.0,1.0,0.8986449872364436,,,,0.9036991869918699,0.7156957898162898,,,,0.7707786240513661,,,,,,,,,,,0.9577916666666667,0.898187134502924,0.8708511012618907,0.7111844026403021,,,,,0.8349019607843137,0.5099690313116,,,,,,
performance,cpr-organized-dataset_512_200,vcpill,200,5,,,5,,5,,5,20,20,40,45,,,6,,102,,35,300,188,488,614.487,0.8896099290780142,0.875181000040361,,,0.0155893176229419,0.005319148936170213,0.94,0.8632390289449113,,,0.8890196078431373,0.865047619047619,0.6152548452475208,,,0.8035247946262212,0.735217805467813,,,,,,,,,,,0.9255555555555556,0.7733333333333333,0.829239939187149,0.0930368417089,,,,,,,,,,,,
performance,cpr-organized-dataset_512_200,woodstick,200,,,,7,,7,,6,20,20,40,6,,,5,,62,,22,300,95,395,614.915,0.9338245614035088,0.7921172729069329,,,0.015097674683549278,0.0,0.95,0.9334377647442162,,,0.9215591397849462,0.9753030303030302,0.498337517405758,,,0.6104867670653663,0.8146218921127448,,,,,,,,,,,0.9355555555555555,0.9013333333333333,0.473800505050505,0.09444090539441582,,,,,,,,,,,,
performance,cpr-organized-dataset_512_200,zipper,200,,5,,,5,5,,5,20,20,40,,120,,,116,120,,124,300,480,780,614.176,0.9988402777777777,0.9992778097326206,,,0.015057521025636771,0.0,0.9766666666666667,0.9988206263131876,1.0,0.9976149425287357,0.9976944444444444,0.9999731182795699,0.9971236231920437,0.9999999999999999,0.9938594733420916,0.9946995355551158,0.9999354838709678,,,,,,,,,,,,,,,,,,,,,,,,,,
performance,cpr-organized-dataset_test,audiojack,200,,7,,,,7,,6,20,20,40,,119,,4,,49,,14,300,186,486,663.364,0.947652329749104,0.9368719569489576,,,0.01591166707818541,0.0,0.9366666666666666,0.8663883053221288,0.9982913165266107,,0.8585714285714285,0.8961904761904762,0.5491485650760104,0.9956921611265629,,0.48449313951318,0.6812453532612854,,,,,,,,,,,,0.7125,,0.03516360640301318,,,,,,,,,,,,
performance,cpr-organized-dataset_test,bottle_cap,200,7,,,7,,,,6,20,20,40,58,,,118,,1,,29,300,206,506,658.366,0.9585760517799352,0.9508981764879186,,,0.01602641284582004,0.0,0.9866666666666667,0.9742740600038963,,,0.9933333333333333,0.9775862068965516,0.7790575790579336,,,0.3333333333333333,0.9264639966249067,,,,,,,,,,,0.9860919540229885,0.940084745762712,0.9839467117780608,0.8724862744954337,,,,,,,,,,,,
performance,cpr-organized-dataset_test,eraser,200,5,,,5,,5,,5,20,20,40,31,,,96,,25,,40,300,192,492,641.227,0.9387326388888887,0.9354326354947539,,,0.015982429268342827,0.005208333333333333,0.9433333333333334,0.9240883512544802,,,0.9330666666666666,0.8617499999999999,0.8356060737972626,,,0.9056556290424905,0.7375577051579445,,,,,,,,,,,0.924731182795699,0.9768055555555555,0.7608299488308214,0.9383810121577937,,,,,,,,,,,,
performance,cpr-organized-dataset_test,fire_hood,200,5,,,5,,5,,5,20,20,40,28,,,45,,58,,16,300,147,447,676.275,0.965170068027211,0.9362141172011592,,,0.016078178523502372,0.0,0.87,0.9600741824028463,,,0.9924137931034482,0.9418749999999999,0.7809224392984633,,,0.9585941631600889,0.6750421807007748,,,,,,,,,,,0.9717857142857144,0.9342222222222223,0.8906835109376757,0.599369902395314,,,,,,,,,,,,
performance,cpr-organized-dataset_test,mint,200,,,,,,,10,10,20,20,40,,,,,,,80,80,300,160,460,818.667,0.9393333333333334,0.9030578876453627,,,0.016139276086948446,0.0,0.96,0.9393333333333334,,,,0.9445416666666666,0.8220497957898348,,,,0.8755787322416024,,,,,,,,,,,,,,,,,,,,,,,0.934125,0.7685208593380672,,
